ID,Type,SKU,Name,Published,Is featured?,Visibility in catalogue,Short description,Description,Date sale price starts,Date sale price ends,Tax status,Tax class,In stock?,Stock,Low stock amount,Backorders allowed?,Sold individually?,Weight (kg),Length (cm),Width (cm),Height (cm),Allow customer reviews?,Purchase note,Sale price,Regular price,Categories,Tags,Shipping class,Images,Download limit,Download expiry days,Parent,Grouped products,Upsells,Cross-sells,External URL,Button text,Pozition
102000,simple,,Princess Model Beþtaþ 3,1,0,visible,,Material: Silver. On image Product Color:. White. Special Note: Product Related to the Structure of the Special Section and Information Request product need to manually note. Deficit To Be In Order To Enter in touch with you in case you have created the registered phone number. Color: Yellow or. If you want to order as Rose Color Product Note Specify the department.,,,taxable,,1,,,0,0,,,,,1,,42.84,44.83,"All products, All products > Accessories, All products > Accessories > Rings",,,"https://www.mineralistgumus.com/prenses-modeli-bestas-3-2163-18-O.jpg, https://www.mineralistgumus.com/prenses-modeli-bestas-3-2164-18-O.jpg",,,,,,,,,0
102001,simple,,Princess Model Beþtaþ 2,1,0,visible,,Material: Silver. On image Product Color:. White. Special Note: Product Related to the Structure of the Special Section and Information Request product need to manually note. Deficit To Be In Order To Enter in touch with you in case you have created the registered phone number. Color: Yellow or. If you want to order as Rose Color Product Note Specify the department.,,,taxable,,1,,,0,0,,,,,1,,46.96,49.4,"All products, All products > Accessories, All products > Accessories > Rings",,,"https://www.mineralistgumus.com/prenses-modeli-bestas-2-2160-17-O.jpg, https://www.mineralistgumus.com/prenses-modeli-bestas-2-2161-17-O.jpg",,,,,,,,,0
102002,simple,,Princess Model Beþtaþ 1,1,0,visible,,Material: Silver. On image Product Color:. White. Special Note: Product Related to the Structure of the Special Section and Information Request product need to manually note. Deficit To Be In Order To Enter in touch with you in case you have created the registered phone number. Color: Yellow or. If you want to order as Rose Color Product Note Specify the department.,,,taxable,,1,,,0,0,,,,,1,,52.45,55.5,"All products, All products > Accessories, All products > Accessories > Rings",,,"https://www.mineralistgumus.com/prenses-modeli-bestas-1-2157-17-O.jpg, https://www.mineralistgumus.com/prenses-modeli-bestas-1-2158-17-O.jpg",,,,,,,,,0
102003,simple,,Scratchy Stone Rings,1,0,visible,,Materiel. . : Silver. On image Product Color: Rose. Special Note. . : Special Requirements Related to the Structure of the product and the need to manually Product Notes and Information Department. Deficiencies in the order you created in Case registered. You will be contacted at the phone number. Color. . : If you want to order as Yellow or White color Product Note Specify the department.,,,taxable,,1,,,0,0,,,,,1,,41.47,43.3,"All products, All products > Accessories, All products > Accessories > Rings",,,https://www.mineralistgumus.com/tasli-cizikli-yuzuk-2034-17-O.jpg,,,,,,,,,0
102004,simple,,Star Ring Hollow,1,0,visible,,Materiel. . : Silver. On image Product Color: Rose. Special Note. . : Special Requirements Related to the Structure of the product and the need to manually Product Notes and Information Department. Deficiencies in the order you created in Case registered. You will be contacted at the phone number. Color. . : If you want to order as Yellow or White color Product Note Specify the department.,,,taxable,,1,,,0,0,,,,,1,,41.47,43.3,"All products, All products > Accessories, All products > Accessories > Rings",,,https://www.mineralistgumus.com/ici-bos-yildizli-yuzuk-2029-17-O.jpg,,,,,,,,,0
102005,simple,,Small Black Enamel Ring Finger,1,0,visible,,Materiel. . : Silver. On image Product Color: Rose. Special Note. . : Special Requirements Related to the Structure of the product and the need to manually Product Notes and Information Department. Deficiencies in the order you created in Case registered. You will be contacted at the phone number. Color. . : If you want to order as Yellow or White color Product Note Specify the department.,,,taxable,,1,,,0,0,,,,,1,,37.35,38.73,"All products, All products > Accessories, All products > Accessories > Rings",,,"https://www.mineralistgumus.com/siyah-mineli-kucuk-parmak-yuzugu-2026-17-O.jpg, https://www.mineralistgumus.com/siyah-mineli-kucuk-parmak-yuzugu-2027-17-O.jpg",,,,,,,,,0
102006,simple,,Black Enamel Mid Small Stone Finger Ring,1,0,visible,,Materiel. . : Silver. On image Product Color: Rose. Special Note. . : Special Requirements Related to the Structure of the product and the need to manually Product Notes and Information Department. Deficiencies in the order you created in Case registered. You will be contacted at the phone number. Color. . : If you want to order as Yellow or White color Product Note Specify the department.,,,taxable,,1,,,0,0,,,,,1,,42.84,44.83,"All products, All products > Accessories, All products > Accessories > Rings",,,"https://www.mineralistgumus.com/siyah-mineli-ortasi-tasli-kucuk-parmak-yuzugu-2024-17-O.jpg, https://www.mineralistgumus.com/siyah-mineli-ortasi-tasli-kucuk-parmak-yuzugu-2025-17-O.jpg",,,,,,,,,0
102007,simple,,Small White Star Ring Finger,1,0,visible,,Materiel. . : Silver. On image Product Color: Rose. Special Note. . : Special Requirements Related to the Structure of the product and the need to manually Product Notes and Information Department. Deficiencies in the order you created in Case registered. You will be contacted at the phone number. Color. . : If you want to order as Yellow or White color Product Note Specify the department.,,,taxable,,1,,,0,0,,,,,1,,37.35,38.73,"All products, All products > Accessories, All products > Accessories > Rings",,,"https://www.mineralistgumus.com/beyaz-yildizli-kucuk-parmak-yuzugu-2019-17-O.jpg, https://www.mineralistgumus.com/beyaz-yildizli-kucuk-parmak-yuzugu-2020-17-O.jpg",,,,,,,,,0
102008,simple,,Yellow Heart Stone Ring,1,0,visible,,Materiel. . : Silver. On image Product Color: Yellow. Special Note. . : Special Requirements Related to the Structure of the product and the need to manually Product Notes and Information Department. Deficiencies in the order you created in Case registered. You will be contacted at the phone number. Color. . Rose or White color as you want to give your orders Product Notes Symptoms Section.,,,taxable,,1,,,0,0,,,,,1,,36.67,37.96,"All products, All products > Accessories, All products > Accessories > Rings",,,https://www.mineralistgumus.com/sari-tasli-kalp-yuzuk-1713-2013-17-O.jpg,,,,,,,,,0
102009,simple,,Stone Rings Stone sides of baguette,1,0,visible,,Product Details :. Material: Silver. On image Product Color: White. Special Note: Product Related to the Structure of the Special Section and Information Request product need to manually note. Deficit To Be In Order To Enter in touch with you in case you have created the registered phone number. Color: Yellow or if you want to order as Rose Color Product Note Specify the department.,,,taxable,,1,,,0,0,,,,,1,,36.67,37.96,"All products, All products > Accessories, All products > Accessories > Rings",,,"https://www.mineralistgumus.com/yanlari-tasli-baget-tasli-yuzuk-1719-14-O.jpg, https://www.mineralistgumus.com/yanlari-tasli-baget-tasli-yuzuk-1720-14-O.jpg",,,,,,,,,0
102010,simple,,Sterling Silver Heart Ring,1,0,visible,,Product Details :. Material: Silver. On image Product Color: Rose. Special Note: Product Related to the Structure of the Special Section and Information Request product need to manually note. Deficit To Be In Order To Enter in touch with you in case you have created the registered phone number. Color: Yellow or White color as you want to order your product Note Symptoms Section.,,,taxable,,1,,,0,0,,,,,1,,36.67,37.96,"All products, All products > Accessories, All products > Accessories > Rings",,,"https://www.mineralistgumus.com/tasli-gumus-kalp-yuzuk-1717-14-O.jpg, https://www.mineralistgumus.com/tasli-gumus-kalp-yuzuk-1718-14-O.jpg",,,,,,,,,0
102011,simple,,Black Stone Rings Stars,1,0,visible,,Product Details :. Material: Silver. On image Product Color: Rose. Special Note: Product Related to the Structure of the Special Section and Information Request product need to manually note. Deficit To Be In Order To Enter in touch with you in case you have created the registered phone number. Color: If you want to order the product as a white or yellow color Note Specify the department.,,,taxable,,1,,,0,0,,,,,1,,33.24,34.15,"All products, All products > Accessories, All products > Accessories > Rings",,,"https://www.mineralistgumus.com/siyah-tasli-yildiz-yuzuk-1811-13-O.jpg, https://www.mineralistgumus.com/siyah-tasli-yildiz-yuzuk-1654-13-O.jpg",,,,,,,,,0
102012,simple,,Butterfly Turquoise Stone Rings,1,0,visible,,Product Details :. Material: Silver. On image Product Color: Rose. Special Note: Product Related to the Structure of the Special Section and Information Request product need to manually note. Deficit To Be In Order To Enter in touch with you in case you have created the registered phone number. Color: If you want to order the product as a white or yellow color Note Specify the department.,,,taxable,,1,,,0,0,,,,,1,,33.24,34.15,"All products, All products > Accessories, All products > Accessories > Rings",,,"https://www.mineralistgumus.com/turkuaz-tasli-kelebek-yuzuk-1814-13-O.jpg, https://www.mineralistgumus.com/turkuaz-tasli-kelebek-yuzuk-1651-13-O.jpg",,,,,,,,,0
102013,simple,,Braiding Rings,1,0,visible,,Product Details :. Material: Silver. On image Product Color: Rose. Special Note: Product Related to the Structure of the Special Section and Information Request product need to manually note. Deficit To Be In Order To Enter in touch with you in case you have created the registered phone number. Color: If you want to order the product as a white or yellow color Note Specify the department.,,,taxable,,1,,,0,0,,,,,1,,33.92,34.91,"All products, All products > Accessories, All products > Accessories > Rings",,,"https://www.mineralistgumus.com/sac-orgusu-yuzuk-1824-13-O.jpg, https://www.mineralistgumus.com/sac-orgusu-yuzuk-1646-13-O.jpg",,,,,,,,,0
102014,simple,,Three baguette Thin Stone Rings,1,0,visible,,Product Details :. Material: Silver. On image Product Color: Rose. Special Note: Product Related to the Structure of the Special Section and Information Request product need to manually note. Deficit To Be In Order To Enter in touch with you in case you have created the registered phone number. Color: If you want to order the product as a white or yellow color Note Specify the department.,,,taxable,,1,,,0,0,,,,,1,,35.29,36.44,"All products, All products > Accessories, All products > Accessories > Rings",,,"https://www.mineralistgumus.com/uc-baget-tasli-ince-yuzuk-1826-13-O.jpg, https://www.mineralistgumus.com/uc-baget-tasli-ince-yuzuk-1644-13-O.jpg",,,,,,,,,0
102015,simple,,Thin Round Black Stone Rings,1,0,visible,,Product Details :. Material: Silver. On image Product Color: Rose. Special Note: Product Related to the Structure of the Special Section and Information Request product need to manually note. Deficit To Be In Order To Enter in touch with you in case you have created the registered phone number. Color: If you want to order the product as a white or yellow color Note Specify the department.,,,taxable,,1,,,0,0,,,,,1,,31.18,31.86,"All products, All products > Accessories, All products > Accessories > Rings",,,"https://www.mineralistgumus.com/siyah-tasli-yuvarlak-ince-yuzuk-1827-13-O.jpg, https://www.mineralistgumus.com/siyah-tasli-yuvarlak-ince-yuzuk-1643-13-O.jpg",,,,,,,,,0
102016,simple,,Pýtýrl Thin Rings,1,0,visible,,Product Details :. Material: Silver. On image Product Color: Rose. Special Note: Product Related to the Structure of the Special Section and Information Request product need to manually note. Deficit To Be In Order To Enter in touch with you in case you have created the registered phone number. Color: If you want to order the product as a white or yellow color Note Specify the department.,,,taxable,,1,,,0,0,,,,,1,,30.49,31.1,"All products, All products > Accessories, All products > Accessories > Rings",,,"https://www.mineralistgumus.com/pitirli-ince-yuzuk-1828-13-O.jpg, https://www.mineralistgumus.com/pitirli-ince-yuzuk-1642-13-O.jpg",,,,,,,,,0
102017,simple,,Thin White Round Stone Ring,1,0,visible,,Product Details :. Material: Silver. On image Product Color: Rose. Special Note: Product Related to the Structure of the Special Section and Information Request product need to manually note. Deficit To Be In Order To Enter in touch with you in case you have created the registered phone number. Color: If you want to order the product as a white or yellow color Note Specify the department.,,,taxable,,1,,,0,0,,,,,1,,31.18,31.86,"All products, All products > Accessories, All products > Accessories > Rings",,,"https://www.mineralistgumus.com/beyaz-yuvarlak-tasli-ince-yuzuk-1830-13-O.jpg, https://www.mineralistgumus.com/beyaz-yuvarlak-tasli-ince-yuzuk-1641-13-O.jpg",,,,,,,,,0
102018,simple,,Thin Round Turquoise Stone Rings,1,0,visible,,Product Details :. Material: Silver. On image Product Color: Rose. Special Note: Product Related to the Structure of the Special Section and Information Request product need to manually note. Deficit To Be In Order To Enter in touch with you in case you have created the registered phone number. Color: If you want to order the product as a white or yellow color Note Specify the department.,,,taxable,,1,,,0,0,,,,,1,,31.18,31.86,"All products, All products > Accessories, All products > Accessories > Rings",,,"https://www.mineralistgumus.com/turkuaz-tasli-ince-yuzuk-1833-13-O.jpg, https://www.mineralistgumus.com/turkuaz-tasli-ince-yuzuk-1639-13-O.jpg",,,,,,,,,0
102019,simple,,Half Slim Turquoise Rings Tour,1,0,visible,,Product Details :. Material: Silver. On image Product Color: Rose. Special Note: Product Related to the Structure of the Special Section and Information Request product need to manually note. Deficit To Be In Order To Enter in touch with you in case you have created the registered phone number. Color: If you want to order the product as a white or yellow color Note Specify the department.,,,taxable,,1,,,0,0,,,,,1,,31.18,31.86,"All products, All products > Accessories, All products > Accessories > Rings",,,"https://www.mineralistgumus.com/turkuaz-yarim-tur-ince-yuzuk-1834-13-O.jpg, https://www.mineralistgumus.com/turkuaz-yarim-tur-ince-yuzuk-1638-13-O.jpg",,,,,,,,,0
102020,simple,,Plane Thin Rings,1,0,visible,,Product Details :. Material: Silver. On image Product Color: Rose. Special Note: Product Related to the Structure of the Special Section and Information Request product need to manually note. Deficit To Be In Order To Enter in touch with you in case you have created the registered phone number. Color: If you want to order the product as a white or yellow color Note Specify the department.,,,taxable,,1,,,0,0,,,,,1,,31.86,32.63,"All products, All products > Accessories, All products > Accessories > Rings",,,"https://www.mineralistgumus.com/cinar-ince-yuzuk-1837-13-O.jpg, https://www.mineralistgumus.com/cinar-ince-yuzuk-1636-13-O.jpg",,,,,,,,,0
102021,simple,,Turquoise Rings thin baguette,1,0,visible,,Product Details :. Material: Silver. On image Product Color: Rose. Special Note: Product Related to the Structure of the Special Section and Information Request product need to manually note. Deficit To Be In Order To Enter in touch with you in case you have created the registered phone number. Color: If you want to order the product as a white or yellow color Note Specify the department.,,,taxable,,1,,,0,0,,,,,1,,31.18,31.86,"All products, All products > Accessories, All products > Accessories > Rings",,,"https://www.mineralistgumus.com/turkuaz-baget-ince-yuzuk-1839-13-O.jpg, https://www.mineralistgumus.com/turkuaz-baget-ince-yuzuk-1635-13-O.jpg",,,,,,,,,0
102022,simple,,Thin Pink Stone Ring,1,0,visible,,Product Details :. Material: Silver. On image Product Color: Rose. Special Note: Product Related to the Structure of the Special Section and Information Request product need to manually note. Deficit To Be In Order To Enter in touch with you in case you have created the registered phone number. Color: If you want to order the product as a white or yellow color Note Specify the department.,,,taxable,,1,,,0,0,,,,,1,,31.18,31.86,"All products, All products > Accessories, All products > Accessories > Rings",,,"https://www.mineralistgumus.com/pembe-tasli-ince-yuzuk-1841-13-O.jpg, https://www.mineralistgumus.com/pembe-tasli-ince-yuzuk-1634-13-O.jpg",,,,,,,,,0
102023,simple,,Small Plates Ring Finger,1,0,visible,,Product Details :. Material: Silver. On image Product Color: Rose. Special Note: Product Related to the Structure of the Special Section and Information Request product need to manually note. Deficit To Be In Order To Enter in touch with you in case you have created the registered phone number. Color: Yellow or White color as you want to order your product Note Symptoms Section.,,,taxable,,1,,,0,0,,,,,1,,35.29,36.44,"All products, All products > Accessories, All products > Accessories > Rings",,,"https://www.mineralistgumus.com/plaka-kucuk-parmak-yuzugu-1556-13-O.jpg, https://www.mineralistgumus.com/plaka-kucuk-parmak-yuzugu-1557-13-O.jpg",,,,,,,,,0
102024,simple,,Side of the Heart Vintage Little Finger Ring,1,0,visible,,Product Details :. Material: Silver. On image Product Color: Rose. Special Note: Product Related to the Structure of the Special Section and Information Request product need to manually note. Deficit To Be In Order To Enter in touch with you in case you have created the registered phone number. Color: Yellow or White color as you want to order your product Note Symptoms Section.,,,taxable,,1,,,0,0,,,,,1,,37.35,38.73,"All products, All products > Accessories, All products > Accessories > Rings",,,"https://www.mineralistgumus.com/yanlari-kalpli-vintage-kucuk-parmak-yuzugu-1551-12-O.jpg, https://www.mineralistgumus.com/yanlari-kalpli-vintage-kucuk-parmak-yuzugu-1552-12-O.jpg",,,,,,,,,0
102025,simple,,Yellow Side of Heart Vintage Little Finger Ring,1,0,visible,,Product Details :. Material: Silver. On image Product Color: Yellow. Special Note: Product Related to the Structure of the Special Section and Information Request product need to manually note. Deficit To Be In Order To Enter in touch with you in case you have created the registered phone number. Color: Rose or white colors as you want to give your orders Product Notes Symptoms Section.,,,taxable,,1,,,0,0,,,,,1,,37.35,38.73,"All products, All products > Accessories, All products > Accessories > Rings",,,"https://www.mineralistgumus.com/sari-yanlari-kalpli-vintage-kucuk-parmak-yuzugu-1549-12-O.jpg, https://www.mineralistgumus.com/sari-yanlari-kalpli-vintage-kucuk-parmak-yuzugu-1550-12-O.jpg",,,,,,,,,0
102026,simple,,Vintage Little Finger Ring,1,0,visible,,Product Details :. Material: Silver. On image Product Color: Rose. Special Note: Product Related to the Structure of the Special Section and Information Request product need to manually note. Deficit To Be In Order To Enter in touch with you in case you have created the registered phone number. Color: Yellow or White color as you want to order your product Note Symptoms Section.,,,taxable,,1,,,0,0,,,,,1,,37.35,38.73,"All products, All products > Accessories, All products > Accessories > Rings",,,"https://www.mineralistgumus.com/vintage-kucuk-parmak-yuzugu-1547-12-O.jpg, https://www.mineralistgumus.com/vintage-kucuk-parmak-yuzugu-1548-12-O.jpg",,,,,,,,,0
102027,simple,,Swarovski Flower Ring,1,0,visible,,Product Details :. Material: Silver. On image Product Color: White. Special Note: Product Related to the Structure of the Special Section and Information Request product need to manually note. Deficit To Be In Order To Enter in touch with you in case you have created the registered phone number. Color: Yellow or White color as you want to order your product Note Symptoms Section.,,,taxable,,1,,,0,0,,,,,1,,46.96,49.4,"All products, All products > Accessories, All products > Accessories > Rings",,,"https://www.mineralistgumus.com/swarovski-tasli-cicek-yuzuk-1545-12-O.jpg, https://www.mineralistgumus.com/swarovski-tasli-cicek-yuzuk-1546-12-O.jpg",,,,,,,,,0
102028,simple,,Square Side of Stone Ring,1,0,visible,,Product Details :. Material: Silver. On image Product Color: Rose. Special Note: Product Related to the Structure of the Special Section and Information Request product need to manually note. Deficit To Be In Order To Enter in touch with you in case you have created the registered phone number. Color: Yellow or White color as you want to order your product Note Symptoms Section.,,,taxable,,1,,,0,0,,,,,1,,35.98,37.2,"All products, All products > Accessories, All products > Accessories > Rings",,,"https://www.mineralistgumus.com/kare-yanlari-tasli-yuzuk-1489-12-O.jpg, https://www.mineralistgumus.com/kare-yanlari-tasli-yuzuk-1490-12-O.jpg",,,,,,,,,0
102029,simple,,Italian Emerald Rose Ring,1,0,visible,,Product Details :. Material: Silver. On image Product Color: Rose. Special Note: Product Related to the Structure of the Special Section and Information Request product need to manually note. Deficit To Be In Order To Enter in touch with you in case you have created the registered phone number. Color: Yellow or White color as you want to order your product Note Symptoms Section.,,,taxable,,1,,,0,0,,,,,1,,46.96,49.4,"All products, All products > Accessories, All products > Accessories > Rings",,,"https://www.mineralistgumus.com/zumrut-italyan-rose-yuzuk-1480-12-O.jpg, https://www.mineralistgumus.com/zumrut-italyan-rose-yuzuk-1481-12-O.jpg",,,,,,,,,0
102030,simple,,Karen Beþtaþ United Montürl the Rings,1,0,visible,,Product Details :. Material: Silver. On image Product Color: White. Special Note: Product Related to the Structure of the Special Section and Information Request product need to manually note. Deficit To Be In Order To Enter in touch with you in case you have created the registered phone number. Color: Yellow or if you want to order as Rose Color Product Note Specify the department.,,,taxable,,1,,,0,0,,,,,1,,37.35,38.73,"All products, All products > Accessories, All products > Accessories > Rings",,,"https://www.mineralistgumus.com/kare-birlesik-monturlu-bestas-yuzuk-1543-12-O.jpg, https://www.mineralistgumus.com/kare-birlesik-monturlu-bestas-yuzuk-1477-12-O.jpg",,,,,,,,,0
102031,simple,,Huge stone Montürl the United Beþtaþ Ring Round,1,0,visible,,Product Details :. Material: Silver. On image Product Color: White. Special Note: Product Related to the Structure of the Special Section and Information Request product need to manually note. Deficit To Be In Order To Enter in touch with you in case you have created the registered phone number. Color: Yellow or if you want to order as Rose Color Product Note Specify the department.,,,taxable,,1,,,0,0,,,,,1,,51.08,53.98,"All products, All products > Accessories, All products > Accessories > Rings",,,"https://www.mineralistgumus.com/iri-tasli-birlesik-yuvarlak-monturlu-bestas-yuzuk-1544-12-O.jpg, https://www.mineralistgumus.com/iri-tasli-birlesik-yuvarlak-monturlu-bestas-yuzuk-1476-12-O.jpg",,,,,,,,,0
102032,simple,,Huge stone Swarovski Rings Beþtaþ,1,0,visible,,Product Details :. Material: Silver. On image Product Color: White. Special Note: Product Related to the Structure of the Special Section and Information Request product need to manually note. Deficit To Be In Order To Enter in touch with you in case you have created the registered phone number. Color: Yellow or if you want to order as Rose Color Product Note Specify the department.,,,taxable,,1,,,0,0,,,,,1,,46.96,49.4,"All products, All products > Accessories, All products > Accessories > Rings",,,"https://www.mineralistgumus.com/iri-tasli-swarovski-bestas-yuzuk-1526-12-O.jpg, https://www.mineralistgumus.com/iri-tasli-swarovski-bestas-yuzuk-1475-12-O.jpg",,,,,,,,,0
102033,simple,,Spiked Cross Ring Swarovski Beþtaþ,1,0,visible,,Product Details :. Material: Silver. On image Product Color: White. Special Note: Product Related to the Structure of the Special Section and Information Request product need to manually note. Deficit To Be In Order To Enter in touch with you in case you have created the registered phone number. Color: Yellow or if you want to order as Rose Color Product Note Specify the department.,,,taxable,,1,,,0,0,,,,,1,,41.47,43.3,"All products, All products > Accessories, All products > Accessories > Rings",,,"https://www.mineralistgumus.com/capraz-tirnakli-swarovski-bestas-yuzuk-1527-12-O.jpg, https://www.mineralistgumus.com/capraz-tirnakli-swarovski-bestas-yuzuk-1474-12-O.jpg",,,,,,,,,0
102034,simple,,Thick claw Swarovski Rings Beþtaþ,1,0,visible,,Product Details :. Material: Silver. On image Product Color: White. Special Note: Product Related to the Structure of the Special Section and Information Request product need to manually note. Deficit To Be In Order To Enter in touch with you in case you have created the registered phone number. Color: Yellow or if you want to order as Rose Color Product Note Specify the department.,,,taxable,,1,,,0,0,,,,,1,,49.71,52.45,"All products, All products > Accessories, All products > Accessories > Rings",,,"https://www.mineralistgumus.com/kalin-tirnakli-swarovski-bestas-yuzuk-1528-12-O.jpg, https://www.mineralistgumus.com/kalin-tirnakli-swarovski-bestas-yuzuk-1473-12-O.jpg",,,,,,,,,0
102035,simple,,Pointed Lipper Swarovski Rings Beþtaþ,1,0,visible,,Product Details :. Material: Silver. On image Product Color: White. Special Note: Product Related to the Structure of the Special Section and Information Request product need to manually note. Deficit To Be In Order To Enter in touch with you in case you have created the registered phone number. Color: Yellow or if you want to order as Rose Color Product Note Specify the department.,,,taxable,,1,,,0,0,,,,,1,,49.71,52.45,"All products, All products > Accessories, All products > Accessories > Rings",,,"https://www.mineralistgumus.com/sivri-tirnakli-swarovski-bestas-yuzuk-1529-12-O.jpg, https://www.mineralistgumus.com/sivri-tirnakli-swarovski-bestas-yuzuk-1471-12-O.jpg",,,,,,,,,0
102036,simple,,United Montürl Swarovski Rings Beþtaþ,1,0,visible,,Product Details :. Material: Silver. On image Product Color: White. Special Note: Product Related to the Structure of the Special Section and Information Request product need to manually note. Deficit To Be In Order To Enter in touch with you in case you have created the registered phone number. Color: Yellow or if you want to order as Rose Color Product Note Specify the department.,,,taxable,,1,,,0,0,,,,,1,,38.73,40.25,"All products, All products > Accessories, All products > Accessories > Rings",,,https://www.mineralistgumus.com/birlesik-monturlu-swarovskibestas-yuzuk-1470-12-O.jpg,,,,,,,,,0
102037,simple,,Karen Montürl the Rings Beþtaþ,1,0,visible,,Product Details :. Material: Silver. On image Product Color: White. Special Note: Product Related to the Structure of the Special Section and Information Request product need to manually note. Deficit To Be In Order To Enter in touch with you in case you have created the registered phone number. Color: Yellow or if you want to order as Rose Color Product Note Specify the department.,,,taxable,,1,,,0,0,,,,,1,,44.22,46.35,"All products, All products > Accessories, All products > Accessories > Rings",,,https://www.mineralistgumus.com/kare-monturlu-bestas-yuzuk-1469-12-O.jpg,,,,,,,,,0
102038,simple,,Central High Montürl the Rings Beþtaþ,1,0,visible,,Product Details :. Material: Silver. On image Product Color: White. Special Note: Product Related to the Structure of the Special Section and Information Request product need to manually note. Deficit To Be In Order To Enter in touch with you in case you have created the registered phone number. Color: Yellow or if you want to order as Rose Color Product Note Specify the department.,,,taxable,,1,,,0,0,,,,,1,,41.47,43.3,"All products, All products > Accessories, All products > Accessories > Rings",,,"https://www.mineralistgumus.com/ortasi-yuksek-monturlu-bestas-yuzuk-1532-12-O.jpg, https://www.mineralistgumus.com/ortasi-yuksek-monturlu-bestas-yuzuk-1468-12-O.jpg",,,,,,,,,0
102039,simple,,Cross Montürl the Rings Beþtaþ,1,0,visible,,Product Details :. Material: Silver. On image Product Color: White. Special Note: Product Related to the Structure of the Special Section and Information Request product need to manually note. Deficit To Be In Order To Enter in touch with you in case you have created the registered phone number. Color: Yellow or if you want to order as Rose Color Product Note Specify the department.,,,taxable,,1,,,0,0,,,,,1,,40.1,41.78,"All products, All products > Accessories, All products > Accessories > Rings",,,"https://www.mineralistgumus.com/capraz-monturlu-bestas-yuzuk-1533-12-O.jpg, https://www.mineralistgumus.com/capraz-monturlu-bestas-yuzuk-1467-12-O.jpg",,,,,,,,,0
102040,simple,,Low Montürl Ring Round Beþtaþ,1,0,visible,,Product Details :. Material: Silver. On image Product Color: White. Special Note: Product Related to the Structure of the Special Section and Information Request product need to manually note. Deficit To Be In Order To Enter in touch with you in case you have created the registered phone number. Color: Yellow or if you want to order as Rose Color Product Note Specify the department.,,,taxable,,1,,,0,0,,,,,1,,38.73,40.25,"All products, All products > Accessories, All products > Accessories > Rings",,,"https://www.mineralistgumus.com/alcak-monturlu-yuvarlak-bestas-yuzuk-1534-12-O.jpg, https://www.mineralistgumus.com/alcak-monturlu-yuvarlak-bestas-yuzuk-1466-12-O.jpg",,,,,,,,,0
102041,simple,,Swarovski Solitaire High Montürl,1,0,visible,,Product Details :. Material: Silver. On image Product Color: White. Special Note: Product Related to the Structure of the Special Section and Information Request product need to manually note. Deficit To Be In Order To Enter in touch with you in case you have created the registered phone number. Color: Yellow or if you want to order as Rose Color Product Note Specify the department.,,,taxable,,1,,,0,0,,,,,1,,38.73,40.25,"All products, All products > Accessories, All products > Accessories > Rings",,,"https://www.mineralistgumus.com/swarovski-yuksek-monturlu-tektas-1464-12-O.jpg, https://www.mineralistgumus.com/swarovski-yuksek-monturlu-tektas-1465-12-O.jpg",,,,,,,,,0
102042,simple,,United Montürl Ring Round Beþtaþ,1,0,visible,,Product Details :. Material: Silver. On image Product Color: White. Special Note: Product Related to the Structure of the Special Section and Information Request product need to manually note. Deficit To Be In Order To Enter in touch with you in case you have created the registered phone number. Color: Yellow or if you want to order as Rose Color Product Note Specify the department.,,,taxable,,1,,,0,0,,,,,1,,38.73,40.25,"All products, All products > Accessories, All products > Accessories > Rings",,,"https://www.mineralistgumus.com/birlesik-monturlu-yuvarlak-bestas-yuzuk-1531-12-O.jpg, https://www.mineralistgumus.com/birlesik-monturlu-yuvarlak-bestas-yuzuk-1463-12-O.jpg",,,,,,,,,0
102043,simple,,Round Montürl the Medium Beþtaþ,1,0,visible,,Product Details :. Material: Silver. On image Product Color: White. Special Note: Product Related to the Structure of the Special Section and Information Request product need to manually note. Deficit To Be In Order To Enter in touch with you in case you have created the registered phone number. Color: Yellow or if you want to order as Rose Color Product Note Specify the department.,,,taxable,,1,,,0,0,,,,,1,,37.35,38.73,"All products, All products > Accessories, All products > Accessories > Rings",,,"https://www.mineralistgumus.com/yuvarlak-monturlu-orta-boy-bestas-1541-12-O.jpg, https://www.mineralistgumus.com/yuvarlak-monturlu-orta-boy-bestas-1462-12-O.jpg",,,,,,,,,0
102044,simple,,Thick Medium High Montürl the Rings Beþtaþ,1,0,visible,,Product Details :. Material: Silver. On image Product Color: White. Special Note: Product Related to the Structure of the Special Section and Information Request product need to manually note. Deficit To Be In Order To Enter in touch with you in case you have created the registered phone number. Color: Yellow or if you want to order as Rose Color Product Note Specify the department.,,,taxable,,1,,,0,0,,,,,1,,49.71,52.45,"All products, All products > Accessories, All products > Accessories > Rings",,,"https://www.mineralistgumus.com/kalin-ortasi-yuksek-monturlu-bestas-yuzuk-1460-12-O.jpg, https://www.mineralistgumus.com/kalin-ortasi-yuksek-monturlu-bestas-yuzuk-1461-12-O.jpg",,,,,,,,,0
102045,simple,,Huge Ring Round Montürl the Beþtaþ,1,0,visible,,Product Details :. Material: Silver. On image Product Color: White. Special Note: Product Related to the Structure of the Special Section and Information Request product need to manually note. Deficit To Be In Order To Enter in touch with you in case you have created the registered phone number. Color: Yellow or if you want to order as Rose Color Product Note Specify the department.,,,taxable,,1,,,0,0,,,,,1,,42.84,44.83,"All products, All products > Accessories, All products > Accessories > Rings",,,"https://www.mineralistgumus.com/iri-yuvarlak-monturlu-bestas-yuzuk-1535-12-O.jpg, https://www.mineralistgumus.com/iri-yuvarlak-monturlu-bestas-yuzuk-1458-12-O.jpg",,,,,,,,,0
102046,simple,,Monte Square Ring Swarovski Beþtaþ,1,0,visible,,Product Details :. Material: Silver. On image Product Color: Rose. Special Note: Product Related to the Structure of the Special Section and Information Request product need to manually note. Deficit To Be In Order To Enter in touch with you in case you have created the registered phone number. Color: Yellow or White color as you want to order your product Note Symptoms Section.,,,taxable,,1,,,0,0,,,,,1,,42.84,44.83,"All products, All products > Accessories, All products > Accessories > Rings",,,"https://www.mineralistgumus.com/kare-montur-swarovski-bestas-yuzuk-1536-12-O.jpg, https://www.mineralistgumus.com/kare-montur-swarovski-bestas-yuzuk-1457-12-O.jpg",,,,,,,,,0
102047,simple,,Round Montürl Swarovski Rings Huge Beþtaþ,1,0,visible,,Product Details :. Material: Silver. On image Product Color: White. Special Note: Product Related to the Structure of the Special Section and Information Request product need to manually note. Deficit To Be In Order To Enter in touch with you in case you have created the registered phone number. Color: Yellow or if you want to order as Rose Color Product Note Specify the department.,,,taxable,,1,,,0,0,,,,,1,,46.96,49.4,"All products, All products > Accessories, All products > Accessories > Rings",,,"https://www.mineralistgumus.com/yuvarlak-monturlu-swarovski-iri-bestas-yuzuk-1537-12-O.jpg, https://www.mineralistgumus.com/yuvarlak-monturlu-swarovski-iri-bestas-yuzuk-1456-12-O.jpg",,,,,,,,,0
102048,simple,,Round Montürl Swarovski Rings Beþtaþ,1,0,visible,,Product Details :. Material: Silver. On image Product Color: White. Special Note: Product Related to the Structure of the Special Section and Information Request product need to manually note. Deficit To Be In Order To Enter in touch with you in case you have created the registered phone number. Color: Yellow or if you want to order as Rose Color Product Note Specify the department.,,,taxable,,1,,,0,0,,,,,1,,44.22,46.35,"All products, All products > Accessories, All products > Accessories > Rings",,,"https://www.mineralistgumus.com/yuvarlak-monturlu-swarovski-bestas-1540-12-O.jpg, https://www.mineralistgumus.com/yuvarlak-monturlu-swarovski-bestas-1455-12-O.jpg",,,,,,,,,0
102049,simple,,Monte Round Rings Larger Beþtaþ,1,0,visible,,Product Details :. Material: Silver. On image Product Color: White. Special Note: Product Related to the Structure of the Special Section and Information Request product need to manually note. Deficit To Be In Order To Enter in touch with you in case you have created the registered phone number. Color: Yellow or if you want to order as Rose Color Product Note Specify the department.,,,taxable,,1,,,0,0,,,,,1,,42.84,44.83,"All products, All products > Accessories, All products > Accessories > Rings",,,"https://www.mineralistgumus.com/yuvarlak-montur-iri-bestas-1539-12-O.jpg, https://www.mineralistgumus.com/yuvarlak-montur-iri-bestas-1454-12-O.jpg",,,,,,,,,0
102050,simple,,Central High Montürl the Rings Huge Beþtaþ,1,0,visible,,Product Details :. Material: Silver. On image Product Color: White. Special Note: Product Related to the Structure of the Special Section and Information Request product need to manually note. Deficit To Be In Order To Enter in touch with you in case you have created the registered phone number. Color: Yellow or if you want to order as Rose Color Product Note Specify the department.,,,taxable,,1,,,0,0,,,,,1,,44.22,46.35,"All products, All products > Accessories, All products > Accessories > Rings",,,"https://www.mineralistgumus.com/ortasi-yuksek-monturlu-iri-bestas-yuzuk-1538-12-O.jpg, https://www.mineralistgumus.com/ortasi-yuksek-monturlu-iri-bestas-yuzuk-1453-12-O.jpg",,,,,,,,,0
102051,simple,,Mounting Ring Round Beþtaþ,1,0,visible,,Product Details :. Material: Silver. On image Product Color: White. Special Note: Product Related to the Structure of the Special Section and Information Request product need to manually note. Deficit To Be In Order To Enter in touch with you in case you have created the registered phone number. Color: Yellow or if you want to order as Rose Color Product Note Specify the department.,,,taxable,,1,,,0,0,,,,,1,,38.73,40.25,"All products, All products > Accessories, All products > Accessories > Rings",,,"https://www.mineralistgumus.com/yuvarlak-montur-bestas-yuzuk-1542-12-O.jpg, https://www.mineralistgumus.com/yuvarlak-montur-bestas-yuzuk-1452-12-O.jpg",,,,,,,,,0
102052,simple,,Heart Model Engagement Rings,1,0,visible,,Product Details :. Material: Silver. On image Product Color: White. Special Note: Product Related to the Structure of the Special Section and Information Request product need to manually note. Deficit To Be In Order To Enter in touch with you in case you have created the registered phone number. Color: Yellow or White color as you want to order your product Note Symptoms Section.,,,taxable,,1,,,0,0,,,,,1,,36.67,37.96,"All products, All products > Accessories, All products > Accessories > Rings",,,https://www.mineralistgumus.com/kalp-modeli-tektas-yuzuk-1347-11-O.jpg,,,,,,,,,0
102053,simple,,Six Lipper Tamtur Rings,1,0,visible,,Product Details :. Material: Silver. On image Product Color: White. Special Note: Product Related to the Structure of the Special Section and Information Request product need to manually note. Deficit To Be In Order To Enter in touch with you in case you have created the registered phone number. Color: Yellow or White color as you want to order your product Note Symptoms Section.,,,taxable,,1,,,0,0,,,,,1,,42.84,44.83,"All products, All products > Accessories, All products > Accessories > Rings",,,https://www.mineralistgumus.com/alti-tirnakli-tamtur-yuzuk-1162-10-O.jpg,,,,,,,,,0
102054,simple,,Sequential Tamta Five Rings,1,0,visible,,Product Details :. Material: Silver. On image Product Color: White. Special Note: Product Related to the Structure of the Special Section and Information Request product need to manually note. Deficit To Be In Order To Enter in touch with you in case you have created the registered phone number. Color: Yellow or White color as you want to order your product Note Symptoms Section.,,,taxable,,1,,,0,0,,,,,1,,40.1,41.78,"All products, All products > Accessories, All products > Accessories > Rings",,,https://www.mineralistgumus.com/bes-sirali-tamtur-yuzuk-1154-10-O.jpg,,,,,,,,,0
102055,simple,,Tamta Big Stone Ring,1,0,visible,,Product Details :. Material: Silver. On image Product Color: White. Special Note: Product Related to the Structure of the Special Section and Information Request product need to manually note. Deficit To Be In Order To Enter in touch with you in case you have created the registered phone number. Color: Yellow or White color as you want to order your product Note Symptoms Section.,,,taxable,,1,,,0,0,,,,,1,,42.84,44.83,"All products, All products > Accessories, All products > Accessories > Rings",,,https://www.mineralistgumus.com/buyuk-tasli-tamtur-yuzuk-1148-10-O.jpg,,,,,,,,,0
102056,simple,,Tamta Small Stone Rings,1,0,visible,,Product Details :. Material: Silver. On image Product Color: White. Special Note: Product Related to the Structure of the Special Section and Information Request product need to manually note. Deficit To Be In Order To Enter in touch with you in case you have created the registered phone number. Color: Yellow or White color as you want to order your product Note Symptoms Section.,,,taxable,,1,,,0,0,,,,,1,,38.73,40.25,"All products, All products > Accessories, All products > Accessories > Rings",,,https://www.mineralistgumus.com/kucuk-tasli-tamtur-yuzuk-1140-99-O.jpg,,,,,,,,,0
102057,simple,,Imported Tamtur Rings,1,0,visible,,Product Details :. Material: Silver. On image Product Color: White. Special Note: Product Related to the Structure of the Special Section and Information Request product need to manually note. Deficit To Be In Order To Enter in touch with you in case you have created the registered phone number. Color: Yellow or White color as you want to order your product Note Symptoms Section.,,,taxable,,1,,,0,0,,,,,1,,49.71,52.45,"All products, All products > Accessories, All products > Accessories > Rings",,,https://www.mineralistgumus.com/ithal-tamtur-yuzuk-1136-99-O.jpg,,,,,,,,,0
102058,simple,,Tamta Rings,1,0,visible,,Product Details :. Material: Silver. On image Product Color: White. Special Note: Product Related to the Structure of the Special Section and Information Request product need to manually note. Deficit To Be In Order To Enter in touch with you in case you have created the registered phone number. Color: Yellow or White color as you want to order your product Note Symptoms Section.,,,taxable,,1,,,0,0,,,,,1,,42.84,44.83,"All products, All products > Accessories, All products > Accessories > Rings",,,https://www.mineralistgumus.com/tamtur-yuzuk-1134-98-O.jpg,,,,,,,,,0
102059,simple,,Tulips Model Beþtaþ Rings,1,0,visible,,Product Details :. Material: Silver. On image Product Color: Rose. Special Note: Product Related to the Structure of the Special Section and Information Request product need to manually note. Deficit To Be In Order To Enter in touch with you in case you have created the registered phone number. Color: Yellow or White color as you want to order your product Note Symptoms Section.,,,taxable,,1,,,0,0,,,,,1,,41.47,43.3,"All products, All products > Accessories, All products > Accessories > Rings",,,"https://www.mineralistgumus.com/lale-modeli-bestas-yuzuk-1191-87-O.jpg, https://www.mineralistgumus.com/lale-modeli-bestas-yuzuk-1018-87-O.jpg",,,,,,,,,0
102060,simple,,Diamond Solitaire Ring,1,0,visible,,Product Details :. Material: Silver. On image Product Color: Rose. Special Note: Product Related to the Structure of the Special Section and Information Request product need to manually note. Deficit To Be In Order To Enter in touch with you in case you have created the registered phone number. Color: Yellow or White color as you want to order your product Note Symptoms Section.,,,taxable,,1,,,0,0,,,,,1,,35.98,37.2,"All products, All products > Accessories, All products > Accessories > Rings",,,"https://www.mineralistgumus.com/elmas-tektas-yuzuk-1192-87-O.jpg, https://www.mineralistgumus.com/elmas-tektas-yuzuk-1017-87-O.jpg",,,,,,,,,0
102061,simple,,Diamond Engagement Rings,1,0,visible,,Product Details :. Material: Silver. On image Product Color: Rose. Special Note: Product Related to the Structure of the Special Section and Information Request product need to manually note. Deficit To Be In Order To Enter in touch with you in case you have created the registered phone number. Color: Yellow or White color as you want to order your product Note Symptoms Section.,,,taxable,,1,,,0,0,,,,,1,,41.47,43.3,"All products, All products > Accessories, All products > Accessories > Rings",,,"https://www.mineralistgumus.com/tektas-elmas-yuzuk-1195-87-O.jpg, https://www.mineralistgumus.com/tektas-elmas-yuzuk-1016-87-O.jpg",,,,,,,,,0
102062,simple,,Diamond Rings Beþtaþ,1,0,visible,,Product Details :. Material: Silver. On image Product Color: Rose. Special Note: Product Related to the Structure of the Special Section and Information Request product need to manually note. Deficit To Be In Order To Enter in touch with you in case you have created the registered phone number. Color: Yellow or White color as you want to order your product Note Symptoms Section.,,,taxable,,1,,,0,0,,,,,1,,42.84,44.83,"All products, All products > Accessories, All products > Accessories > Rings",,,"https://www.mineralistgumus.com/elmas-bestas-yuzuk-1196-87-O.jpg, https://www.mineralistgumus.com/elmas-bestas-yuzuk-1015-87-O.jpg",,,,,,,,,0
102063,simple,,Diamond Solitaire Ring Mounting,1,0,visible,,Product Details :. Material: Silver. On image Product Color: Rose. Special Note: Product Related to the Structure of the Special Section and Information Request product need to manually note. Deficit To Be In Order To Enter in touch with you in case you have created the registered phone number. Color: Yellow or White color as you want to order your product Note Symptoms Section.,,,taxable,,1,,,0,0,,,,,1,,35.98,37.2,"All products, All products > Accessories, All products > Accessories > Rings",,,"https://www.mineralistgumus.com/elmas-montur-tektes-yuzuk-1197-87-O.jpg, https://www.mineralistgumus.com/elmas-montur-tektes-yuzuk-1013-87-O.jpg",,,,,,,,,0
102064,simple,,Plastering Engagement Rings,1,0,visible,,Product Details :. Material: Silver. On image Product Color: Rose. Special Note: Product Related to the Structure of the Special Section and Information Request product need to manually note. Deficit To Be In Order To Enter in touch with you in case you have created the registered phone number. Color: Yellow or White color as you want to order your product Note Symptoms Section.,,,taxable,,1,,,0,0,,,,,1,,35.29,36.44,"All products, All products > Accessories, All products > Accessories > Rings",,,"https://www.mineralistgumus.com/sivama-tektas-yuzuk-1200-87-O.jpg, https://www.mineralistgumus.com/sivama-tektas-yuzuk-1010-87-O.jpg",,,,,,,,,0
102065,simple,,Ring Spinning Beþtaþ,1,0,visible,,Product Details :. Material: Silver. On image Product Color: Rose. Special Note: Product Related to the Structure of the Special Section and Information Request product need to manually note. Deficit To Be In Order To Enter in touch with you in case you have created the registered phone number. Color: Yellow or White color as you want to order your product Note Symptoms Section.,,,taxable,,1,,,0,0,,,,,1,,41.47,43.3,"All products, All products > Accessories, All products > Accessories > Rings",,,"https://www.mineralistgumus.com/sivama-bestas-yuzuk-1201-86-O.jpg, https://www.mineralistgumus.com/sivama-bestas-yuzuk-1006-86-O.jpg",,,,,,,,,0
102066,simple,,Karen Mont Beþtaþ,1,0,visible,,Product Details :. Material: Silver. On image Product Color: Rose. Special Note: Product Related to the Structure of the Special Section and Information Request product need to manually note. Deficit To Be In Order To Enter in touch with you in case you have created the registered phone number. Color: Yellow or White color as you want to order your product Note Symptoms Section.,,,taxable,,1,,,0,0,,,,,1,,41.47,43.3,"All products, All products > Accessories, All products > Accessories > Rings",,,"https://www.mineralistgumus.com/kare-montur-bestas-1210-86-O.jpg, https://www.mineralistgumus.com/kare-montur-bestas-1004-86-O.jpg",,,,,,,,,0
102067,simple,,Little Daisy Ring,1,0,visible,,Product Details :. Material: Silver. On image Product Color: Rose. Special Note: Product Related to the Structure of the Special Section and Information Request product need to manually note. Deficit To Be In Order To Enter in touch with you in case you have created the registered phone number. Color: Yellow or White color as you want to order your product Note Symptoms Section.,,,taxable,,1,,,0,0,,,,,1,,37.35,38.73,"All products, All products > Accessories, All products > Accessories > Rings",,,"https://www.mineralistgumus.com/minik-papatya-yuzuk-1211-86-O.jpg, https://www.mineralistgumus.com/minik-papatya-yuzuk-1003-86-O.jpg",,,,,,,,,0
102068,simple,,Cut diamond ring Beþtaþ,1,0,visible,,Product Details :. Material: Silver. On image Product Color: Rose. Special Note: Product Related to the Structure of the Special Section and Information Request product need to manually note. Deficit To Be In Order To Enter in touch with you in case you have created the registered phone number. Color: Yellow or White color as you want to order your product Note Symptoms Section.,,,taxable,,1,,,0,0,,,,,1,,35.98,37.2,"All products, All products > Accessories, All products > Accessories > Rings",,,"https://www.mineralistgumus.com/baklava-kesim-bestas-yuzuk-1214-86-O.jpg, https://www.mineralistgumus.com/baklava-kesim-bestas-yuzuk-1000-86-O.jpg",,,,,,,,,0
102069,simple,,Three Row Stone Diamond Ring,1,0,visible,,Product Details :. Material: Silver. On image Product Color: Rose. Special Note: Product Related to the Structure of the Special Section and Information Request product need to manually note. Deficit To Be In Order To Enter in touch with you in case you have created the registered phone number. Color: Yellow or White color as you want to order your product Note Symptoms Section.,,,taxable,,1,,,0,0,,,,,1,,46.96,49.4,"All products, All products > Accessories, All products > Accessories > Rings",,,"https://www.mineralistgumus.com/uc-sira-tasli-elmas-yuzuk-1217-86-O.jpg, https://www.mineralistgumus.com/uc-sira-tasli-elmas-yuzuk-999-86-O.jpg",,,,,,,,,0
102070,simple,,Monte Diamond Butterfly Ring,1,0,visible,,Product Details :. Material: Silver. On image Product Color: Rose. Special Note: Product Related to the Structure of the Special Section and Information Request product need to manually note. Deficit To Be In Order To Enter in touch with you in case you have created the registered phone number. Color: Yellow or White color as you want to order your product Note Symptoms Section.,,,taxable,,1,,,0,0,,,,,1,,38.73,40.25,"All products, All products > Accessories, All products > Accessories > Rings",,,"https://www.mineralistgumus.com/kelebek-elmas-montur-yuzuk-1219-85-O.jpg, https://www.mineralistgumus.com/kelebek-elmas-montur-yuzuk-998-85-O.jpg",,,,,,,,,0
102071,simple,,Five Stones Model Anturaj,1,0,visible,,Product Details :. Material: Silver. On image Product Color: Rose. Special Note: Product Related to the Structure of the Special Section and Information Request product need to manually note. Deficit To Be In Order To Enter in touch with you in case you have created the registered phone number. Color: Yellow or White color as you want to order your product Note Symptoms Section.,,,taxable,,1,,,0,0,,,,,1,,38.73,40.25,"All products, All products > Accessories, All products > Accessories > Rings",,,"https://www.mineralistgumus.com/anturaj-modeli-bes-tas-1221-85-O.jpg, https://www.mineralistgumus.com/anturaj-modeli-bes-tas-997-85-O.jpg",,,,,,,,,0
102072,simple,,Monte Stone Drop Diamond Rings,1,0,visible,,Product Details :. Material: Silver. On image Product Color: Rose. Special Note: Product Related to the Structure of the Special Section and Information Request product need to manually note. Deficit To Be In Order To Enter in touch with you in case you have created the registered phone number. Color: Yellow or White color as you want to order your product Note Symptoms Section.,,,taxable,,1,,,0,0,,,,,1,,42.84,44.83,"All products, All products > Accessories, All products > Accessories > Rings",,,"https://www.mineralistgumus.com/damla-tasli-elmas-montur-yuzuk-1222-85-O.jpg, https://www.mineralistgumus.com/damla-tasli-elmas-montur-yuzuk-995-85-O.jpg",,,,,,,,,0
102073,simple,,Monte Diamond Rings,1,0,visible,,Product Details :. Material: Silver. On image Product Color: Rose. Special Note: Product Related to the Structure of the Special Section and Information Request product need to manually note. Deficit To Be In Order To Enter in touch with you in case you have created the registered phone number. Color: Yellow or White color as you want to order your product Note Symptoms Section.,,,taxable,,1,,,0,0,,,,,1,,40.1,41.78,"All products, All products > Accessories, All products > Accessories > Rings",,,"https://www.mineralistgumus.com/elmas-montur-yuzuk-1226-84-O.jpg, https://www.mineralistgumus.com/elmas-montur-yuzuk-987-84-O.jpg",,,,,,,,,0
102074,simple,,Monte Drop Diamond Rings,1,0,visible,,Product Details :. Material: Silver. On image Product Color: Rose. Special Note: Product Related to the Structure of the Special Section and Information Request product need to manually note. Deficit To Be In Order To Enter in touch with you in case you have created the registered phone number. Color: Yellow or White color as you want to order your product Note Symptoms Section.,,,taxable,,1,,,0,0,,,,,1,,49.71,52.45,"All products, All products > Accessories, All products > Accessories > Rings",,,"https://www.mineralistgumus.com/damla-elmas-montur-yuzuk-1228-84-O.jpg, https://www.mineralistgumus.com/damla-elmas-montur-yuzuk-984-84-O.jpg",,,,,,,,,0
102075,simple,,Six Top Stone Cross Fancy Ring,1,0,visible,,Product Details :. Material: Silver. On image Product Color: Rose. Special Note: Product Related to the Structure of the Special Section and Information Request product need to manually note. Deficit To Be In Order To Enter in touch with you in case you have created the registered phone number. Color: Yellow or White color as you want to order your product Note Symptoms Section.,,,taxable,,1,,,0,0,,,,,1,,46.96,49.4,"All products, All products > Accessories, All products > Accessories > Rings",,,https://www.mineralistgumus.com/alti-ustu-tasli-capraz-fantazi-yuzuk-576-56-O.jpg,,,,,,,,,0
102076,simple,,Entourage Model Tektaþ,1,0,visible,,Product Details :. Material: Silver. On image Product Color: White. Special Note: Product Related to the Structure of the Special Section and Information Request product need to manually note. Deficit To Be In Order To Enter in touch with you in case you have created the registered phone number. Color: Yellow or if you want to order as Rose Color Product Note Specify the department.,,,taxable,,1,,,0,0,,,,,1,,34.61,35.68,"All products, All products > Accessories, All products > Accessories > Rings",,,https://www.mineralistgumus.com/anturaj-model-tektas-574-56-O.jpg,,,,,,,,,0
102077,simple,,Two-row side of Stone Engagement Rings,1,0,visible,,Product Details :. Material: Silver. On image Product Color: White. Special Note: Product Related to the Structure of the Special Section and Information Request product need to manually note. Deficit To Be In Order To Enter in touch with you in case you have created the registered phone number. Color: Yellow or if you want to order as Rose Color Product Note Specify the department.,,,taxable,,1,,,0,0,,,,,1,,36.67,37.96,"All products, All products > Accessories, All products > Accessories > Rings",,,https://www.mineralistgumus.com/iki-sirali-yanlari-tasli-tektas-yuzuk-572-56-O.jpg,,,,,,,,,0
102078,simple,,Mid Oval Stone Ring,1,0,visible,,Product Details :. Material: Silver. On image Product Color: Rose. Special Note: Product Related to the Structure of the Special Section and Information Request product need to manually note. Deficit To Be In Order To Enter in touch with you in case you have created the registered phone number. Color: Yellow or White color as you want to order your product Note Symptoms Section.,,,taxable,,1,,,0,0,,,,,1,,48.34,50.93,"All products, All products > Accessories, All products > Accessories > Rings",,,"https://www.mineralistgumus.com/bombeli-ortasi-tasli-yuzuk-558-54-O.jpg, https://www.mineralistgumus.com/bombeli-ortasi-tasli-yuzuk-2180-54-O.jpg",,,,,,,,,0
102079,simple,,Edges Stone Engagement Rings,1,0,visible,,"Product Details :. Material: Silver. On image Product Color: White. Special Note: Product Related to the Structure of the Special Section and Information Request product need to manually note. Deficit To Be In Order To Enter in touch with you in case you have created the registered phone number. Color: Yellow Rose, or if you want to order as Color Product Note Specify the department.",,,taxable,,1,,,0,0,,,,,1,,38.73,40.25,"All products, All products > Accessories, All products > Accessories > Rings",,,"https://www.mineralistgumus.com/kenarlari-tasli-tektas-yuzuk-449-43-O.jpg, https://www.mineralistgumus.com/kenarlari-tasli-tektas-yuzuk-1558-43-O.jpg",,,,,,,,,0
102080,simple,,Thick Cut Solitaire Sleeves Square,1,0,visible,,"Product Details :. Material: Silver. On image Product Color: White. Special Note: Product Related to the Structure of the Special Section and Information Request product need to manually note. Deficit To Be In Order To Enter in touch with you in case you have created the registered phone number. Color: Yellow Rose, or if you want to order as Color Product Note Specify the department.",,,taxable,,1,,,0,0,,,,,1,,38.73,40.25,"All products, All products > Accessories, All products > Accessories > Rings",,,https://www.mineralistgumus.com/kalin-kollu-kare-kesim-tektas-447-43-O.jpg,,,,,,,,,0
102081,simple,,Montura Thin Round Cut Solitaire,1,0,visible,,"Product Details :. Material: Silver. On image Product Color: White. Special Note: Product Related to the Structure of the Special Section and Information Request product need to manually note. Deficit To Be In Order To Enter in touch with you in case you have created the registered phone number. Color: Yellow Rose, or if you want to order as Color Product Note Specify the department.",,,taxable,,1,,,0,0,,,,,1,,37.35,38.73,"All products, All products > Accessories, All products > Accessories > Rings",,,https://www.mineralistgumus.com/monturu-ince-yuvarlak-kesimli-tektas-446-43-O.jpg,,,,,,,,,0
102082,simple,,High Montürl Thin Frame Cut Solitaire,1,0,visible,,"Product Details :. Material: Silver. On image Product Color: White. Special Note: Product Related to the Structure of the Special Section and Information Request product need to manually note. Deficit To Be In Order To Enter in touch with you in case you have created the registered phone number. Color: Yellow Rose, or if you want to order as Color Product Note Specify the department.",,,taxable,,1,,,0,0,,,,,1,,38.73,40.25,"All products, All products > Accessories, All products > Accessories > Rings",,,"https://www.mineralistgumus.com/yuksek-monturlu-ince-kare-kesim-tektas-444-43-O.jpg, https://www.mineralistgumus.com/yuksek-monturlu-ince-kare-kesim-tektas-445-43-O.jpg",,,,,,,,,0
102083,simple,,Montura Thin Square Solitaire Ring,1,0,visible,,"Product Details :. Material: Silver. On image Product Color: White. Special Note: Product Related to the Structure of the Special Section and Information Request product need to manually note. Deficit To Be In Order To Enter in touch with you in case you have created the registered phone number. Color: Yellow Rose, or if you want to order as Color Product Note Specify the department.",,,taxable,,1,,,0,0,,,,,1,,37.35,38.73,"All products, All products > Accessories, All products > Accessories > Rings",,,https://www.mineralistgumus.com/monturu-ince-kare-tektas-yuzuk-442-43-O.jpg,,,,,,,,,0
102084,simple,,Square Cut Solitaire Ring,1,0,visible,,"Product Details :. Material: Silver. On image Product Color: White. Special Note: Product Related to the Structure of the Special Section and Information Request product need to manually note. Deficit To Be In Order To Enter in touch with you in case you have created the registered phone number. Color: Yellow Rose, or if you want to order as Color Product Note Specify the department.",,,taxable,,1,,,0,0,,,,,1,,37.35,38.73,"All products, All products > Accessories, All products > Accessories > Rings",,,https://www.mineralistgumus.com/kare-kesim-tektas-yuzuk-441-43-O.jpg,,,,,,,,,0
102085,simple,,Two-row Big Stone Engagement Rings,1,0,visible,,"Product Details :. Material: Silver. On image Product Color: White. Special Note: Product Related to the Structure of the Special Section and Information Request product need to manually note. Deficit To Be In Order To Enter in touch with you in case you have created the registered phone number. Color: Yellow Rose, or if you want to order as Color Product Note Specify the department.",,,taxable,,1,,,0,0,,,,,1,,37.35,38.73,"All products, All products > Accessories, All products > Accessories > Rings",,,https://www.mineralistgumus.com/iki-sirali-iri-tasli-tektas-yuzuk-440-43-O.jpg,,,,,,,,,0
102086,simple,,Cross Section VI Montürl Solitaire Ring,1,0,visible,,"Product Details :. Material: Silver. On image Product Color: White. Special Note: Product Related to the Structure of the Special Section and Information Request product need to manually note. Deficit To Be In Order To Enter in touch with you in case you have created the registered phone number. Color: Yellow Rose, or if you want to order as Color Product Note Specify the department.",,,taxable,,1,,,0,0,,,,,1,,37.35,38.73,"All products, All products > Accessories, All products > Accessories > Rings",,,https://www.mineralistgumus.com/v-kesim-capraz-monturlu-tektas-yuzuk-439-42-O.jpg,,,,,,,,,0
102087,simple,,V Cut Solitaire Ring,1,0,visible,,"Product Details :. Material: Silver. On image Product Color: White. Special Note: Product Related to the Structure of the Special Section and Information Request product need to manually note. Deficit To Be In Order To Enter in touch with you in case you have created the registered phone number. Color: Yellow Rose, or if you want to order as Color Product Note Specify the department.",,,taxable,,1,,,0,0,,,,,1,,37.35,38.73,"All products, All products > Accessories, All products > Accessories > Rings",,,https://www.mineralistgumus.com/v-kesim-tektas-yuzuk-437-42-O.jpg,,,,,,,,,0
102088,simple,,Pointed Montürl thick Sleeve Solitaire Ring,1,0,visible,,"Product Details :. Material: Silver. On image Product Color: White. Special Note: Product Related to the Structure of the Special Section and Information Request product need to manually note. Deficit To Be In Order To Enter in touch with you in case you have created the registered phone number. Color: Yellow Rose, or if you want to order as Color Product Note Specify the department.",,,taxable,,1,,,0,0,,,,,1,,38.73,40.25,"All products, All products > Accessories, All products > Accessories > Rings",,,https://www.mineralistgumus.com/sivri-monturlu-kalin-kollu-tektas-yuzuk-436-42-O.jpg,,,,,,,,,0
102089,simple,,Thin Montürl Square Solitaire Ring,1,0,visible,,"Product Details :. Material: Silver. On image Product Color: White. Special Note: Product Related to the Structure of the Special Section and Information Request product need to manually note. Deficit To Be In Order To Enter in touch with you in case you have created the registered phone number. Color: Yellow Rose, or if you want to order as Color Product Note Specify the department.",,,taxable,,1,,,0,0,,,,,1,,35.98,37.2,"All products, All products > Accessories, All products > Accessories > Rings",,,https://www.mineralistgumus.com/ince-monturlu-kare-tektas-yuzuk-435-42-O.jpg,,,,,,,,,0
102090,simple,,Thin Montürl Square Cut Solitaire Ring,1,0,visible,,"Product Details :. Material: Silver. On image Product Color: White. Special Note: Product Related to the Structure of the Special Section and Information Request product need to manually note. Deficit To Be In Order To Enter in touch with you in case you have created the registered phone number. Color: Yellow Rose, or if you want to order as Color Product Note Specify the department.",,,taxable,,1,,,0,0,,,,,1,,37.35,38.73,"All products, All products > Accessories, All products > Accessories > Rings",,,https://www.mineralistgumus.com/ince-monturlu-kare-kesim-tektas-yuzuk-434-42-O.jpg,,,,,,,,,0
102091,simple,,Cross-Cut Solitaire Monte V,1,0,visible,,"Product Details :. Material: Silver. On image Product Color: White. Special Note: Product Related to the Structure of the Special Section and Information Request product need to manually note. Deficit To Be In Order To Enter in touch with you in case you have created the registered phone number. Color: Yellow Rose, or if you want to order as Color Product Note Specify the department.",,,taxable,,1,,,0,0,,,,,1,,35.98,37.2,"All products, All products > Accessories, All products > Accessories > Rings",,,https://www.mineralistgumus.com/capraz-montur-v-kesim-tektas-433-42-O.jpg,,,,,,,,,0
102092,simple,,Karen Cross Cut Engagement Ring Mounting,1,0,visible,,"Product Details :. Material: Silver. On image Product Color: White. Special Note: Product Related to the Structure of the Special Section and Information Request product need to manually note. Deficit To Be In Order To Enter in touch with you in case you have created the registered phone number. Color: Yellow Rose, or if you want to order as Color Product Note Specify the department.",,,taxable,,1,,,0,0,,,,,1,,37.35,38.73,"All products, All products > Accessories, All products > Accessories > Rings",,,https://www.mineralistgumus.com/kare-kesim-capraz-montur-tektas-yuzuk-432-42-O.jpg,,,,,,,,,0
102093,simple,,Huge Stone On Mont Engagement,1,0,visible,,"Product Details :. Material: Silver. On image Product Color: White. Special Note: Product Related to the Structure of the Special Section and Information Request product need to manually note. Deficit To Be In Order To Enter in touch with you in case you have created the registered phone number. Color: Yellow Rose, or if you want to order as Color Product Note Specify the department.",,,taxable,,1,,,0,0,,,,,1,,38.73,40.25,"All products, All products > Accessories, All products > Accessories > Rings",,,https://www.mineralistgumus.com/iri-tasli-acik-montur-tektas-431-42-O.jpg,,,,,,,,,0
102094,simple,,Cross pointed Mont Engagement,1,0,visible,,"Product Details :. Material: Silver. On image Product Color: White. Special Note: Product Related to the Structure of the Special Section and Information Request product need to manually note. Deficit To Be In Order To Enter in touch with you in case you have created the registered phone number. Color: Yellow Rose, or if you want to order as Color Product Note Specify the department.",,,taxable,,1,,,0,0,,,,,1,,37.35,38.73,"All products, All products > Accessories, All products > Accessories > Rings",,,https://www.mineralistgumus.com/capraz-sivri-montur-tektas-430-42-O.jpg,,,,,,,,,0
102095,simple,,Solitaire Ring Sleeve Thick Small Size,1,0,visible,,"Product Details :. Material: Silver. On image Product Color: White. Special Note: Product Related to the Structure of the Special Section and Information Request product need to manually note. Deficit To Be In Order To Enter in touch with you in case you have created the registered phone number. Color: Yellow Rose, or if you want to order as Color Product Note Specify the department.",,,taxable,,1,,,0,0,,,,,1,,34.61,35.68,"All products, All products > Accessories, All products > Accessories > Rings",,,https://www.mineralistgumus.com/kalin-kollu-kucuk-boy-tektas-yuzuk-429-41-O.jpg,,,,,,,,,0
102096,simple,,Thick Arm Medium Solitaire Ring,1,0,visible,,"Product Details :. Material: Silver. On image Product Color: White. Special Note: Product Related to the Structure of the Special Section and Information Request product need to manually note. Deficit To Be In Order To Enter in touch with you in case you have created the registered phone number. Color: Yellow Rose, or if you want to order as Color Product Note Specify the department.",,,taxable,,1,,,0,0,,,,,1,,35.98,37.2,"All products, All products > Accessories, All products > Accessories > Rings",,,https://www.mineralistgumus.com/kalin-kollu-orta-boy-tektas-yuzuk-428-41-O.jpg,,,,,,,,,0
102097,simple,,Huge stone Round Mont Engagement,1,0,visible,,"Product Details :. Material: Silver. On image Product Color: White. Special Note: Product Related to the Structure of the Special Section and Information Request product need to manually note. Deficit To Be In Order To Enter in touch with you in case you have created the registered phone number. Color: Yellow Rose, or if you want to order as Color Product Note Specify the department.",,,taxable,,1,,,0,0,,,,,1,,40.1,41.78,"All products, All products > Accessories, All products > Accessories > Rings",,,https://www.mineralistgumus.com/iri-tasli-yuvarlak-montur-tektas-427-41-O.jpg,,,,,,,,,0
102098,simple,,Surrounded by Swarovski Stone Solitaire Ring,1,0,visible,,"Product Details :. Material: Silver. On image Product Color: White. Special Note: Product Related to the Structure of the Special Section and Information Request product need to manually note. Deficit To Be In Order To Enter in touch with you in case you have created the registered phone number. Color: Yellow Rose, or if you want to order as Color Product Note Specify the department.",,,taxable,,1,,,0,0,,,,,1,,38.73,40.25,"All products, All products > Accessories, All products > Accessories > Rings",,,https://www.mineralistgumus.com/etrafi-tasli-swarovski-tektas-yuzuk-426-41-O.jpg,,,,,,,,,0
102099,simple,,Cross Cut Solitaire Ring,1,0,visible,,"Product Details :. Material: Silver. On image Product Color: White. Special Note: Product Related to the Structure of the Special Section and Information Request product need to manually note. Deficit To Be In Order To Enter in touch with you in case you have created the registered phone number. Color: Yellow Rose, or if you want to order as Color Product Note Specify the department.",,,taxable,,1,,,0,0,,,,,1,,41.47,43.3,"All products, All products > Accessories, All products > Accessories > Rings",,,"https://www.mineralistgumus.com/capraz-kesim-tektas-yuzuk-424-41-O.jpg, https://www.mineralistgumus.com/capraz-kesim-tektas-yuzuk-425-41-O.jpg",,,,,,,,,0
102100,simple,,High-Mont Square Cut Solitaire Ring,1,0,visible,,"Product Details :. Material: Silver. On image Product Color: White. Special Note: Product Related to the Structure of the Special Section and Information Request product need to manually note. Deficit To Be In Order To Enter in touch with you in case you have created the registered phone number. Color: Yellow Rose, or if you want to order as Color Product Note Specify the department.",,,taxable,,1,,,0,0,,,,,1,,37.35,38.73,"All products, All products > Accessories, All products > Accessories > Rings",,,"https://www.mineralistgumus.com/yuksek-montur-kare-kesim-tektas-yuzuk-422-41-O.jpg, https://www.mineralistgumus.com/yuksek-montur-kare-kesim-tektas-yuzuk-423-41-O.jpg",,,,,,,,,0
102101,simple,,Huge Thick Sleeve Stone Solitaire Ring,1,0,visible,,"Product Details :. Material: Silver. On image Product Color: White. Special Note: Product Related to the Structure of the Special Section and Information Request product need to manually note. Deficit To Be In Order To Enter in touch with you in case you have created the registered phone number. Color: Yellow Rose, or if you want to order as Color Product Note Specify the department.",,,taxable,,1,,,0,0,,,,,1,,40.1,41.78,"All products, All products > Accessories, All products > Accessories > Rings",,,"https://www.mineralistgumus.com/iri-tasli-kalin-kollu-tektas-yuzuk-420-41-O.jpg, https://www.mineralistgumus.com/iri-tasli-kalin-kollu-tektas-yuzuk-421-41-O.jpg",,,,,,,,,0
102102,simple,,Eiffel Engagement Rings,1,0,visible,,"Product Details :. Material: Silver. On image Product Color: White. Special Note: Product Related to the Structure of the Special Section and Information Request product need to manually note. Deficit To Be In Order To Enter in touch with you in case you have created the registered phone number. Color: Yellow Rose, or if you want to order as Color Product Note Specify the department.",,,taxable,,1,,,0,0,,,,,1,,41.47,43.3,"All products, All products > Accessories, All products > Accessories > Rings",,,"https://www.mineralistgumus.com/eyfel-tektas-yuzuk-418-41-O.jpg, https://www.mineralistgumus.com/eyfel-tektas-yuzuk-419-41-O.jpg",,,,,,,,,0
102103,simple,,Stone Rings sides of baguette Evening,1,0,visible,,"Product Details :. Material: Silver. On image Product Color: White. Special Note: Product Related to the Structure of the Special Section and Information Request product need to manually note. Deficit To Be In Order To Enter in touch with you in case you have created the registered phone number. Color: Yellow Rose, or if you want to order as Color Product Note Specify the department.",,,taxable,,1,,,0,0,,,,,1,,41.47,43.3,"All products, All products > Accessories, All products > Accessories > Rings",,,https://www.mineralistgumus.com/yanlari-baget-tasli-abiye-yuzuk-417-41-O.jpg,,,,,,,,,0
102104,simple,,Huge Engagement Ring Round Surrounded by stone,1,0,visible,,"Product Details :. Material: Silver. On image Product Color: White. Special Note: Product Related to the Structure of the Special Section and Information Request product need to manually note. Deficit To Be In Order To Enter in touch with you in case you have created the registered phone number. Color: Yellow Rose, or if you want to order as Color Product Note Specify the department.",,,taxable,,1,,,0,0,,,,,1,,38.73,40.25,"All products, All products > Accessories, All products > Accessories > Rings",,,https://www.mineralistgumus.com/iri-yuvarlak-etrafi-tasli-tektas-yuzuk-415-40-O.jpg,,,,,,,,,0
102105,simple,,Surrounded Bagetl Binary Stone Ring,1,0,visible,,"Product Details :. Material: Silver. On image Product Color: White. Special Note: Product Related to the Structure of the Special Section and Information Request product need to manually note. Deficit To Be In Order To Enter in touch with you in case you have created the registered phone number. Color: Yellow Rose, or if you want to order as Color Product Note Specify the department.",,,taxable,,1,,,0,0,,,,,1,,45.59,47.88,"All products, All products > Accessories, All products > Accessories > Rings",,,https://www.mineralistgumus.com/etrafi-bagetli-ikili-tasli-yuzuk-410-40-O.jpg,,,,,,,,,0
102106,simple,,Three-Row Ring,1,0,visible,,"Product Details :. Material: Silver. On image Product Color: White. Special Note: Product Related to the Structure of the Special Section and Information Request product need to manually note. Deficit To Be In Order To Enter in touch with you in case you have created the registered phone number. Color: Yellow Rose, or if you want to order as Color Product Note Specify the department.",,,taxable,,1,,,0,0,,,,,1,,49.3,52.0,"All products, All products > Accessories, All products > Accessories > Rings",,,https://www.mineralistgumus.com/uc-sirali-yuzuk-406-40-O.jpg,,,,,,,,,0
102107,simple,,Emerald Ring,1,0,visible,,"Product Details :. Material: Silver. On image Product Color: White. Special Note: Product Related to the Structure of the Special Section and Information Request product need to manually note. Deficit To Be In Order To Enter in touch with you in case you have created the registered phone number. Color: Yellow Rose, or if you want to order as Color Product Note Specify the department.",,,taxable,,1,,,0,0,,,,,1,,48.34,50.93,"All products, All products > Accessories, All products > Accessories > Rings",,,https://www.mineralistgumus.com/zumrut-yuzuk-404-40-O.jpg,,,,,,,,,0
102108,simple,,Huge Mid Pink Evening Dress White Stone Ring,1,0,visible,,"Product Details :. Material: Silver. On image Product Color: White. Special Note: Product Related to the Structure of the Special Section and Information Request product need to manually note. Deficit To Be In Order To Enter in touch with you in case you have created the registered phone number. Color: Yellow Rose, or if you want to order as Color Product Note Specify the department.",,,taxable,,1,,,0,0,,,,,1,,59.32,63.13,"All products, All products > Accessories, All products > Accessories > Rings",,,https://www.mineralistgumus.com/iri-ortasi-pembe-tasli-beyaz-abiye-yuzuk-403-39-O.jpg,,,,,,,,,0
102109,simple,,Huge Middle Stone Rose Pink Evening Dress Rings,1,0,visible,,Product Details :. Material: Silver. On image Product Color: Rose. Special Note: Product Related to the Structure of the Special Section and Information Request product need to manually note. Deficit To Be In Order To Enter in touch with you in case you have created the registered phone number. Color: If you want to order the product as a white or yellow color Note Specify the department.,,,taxable,,1,,,0,0,,,,,1,,59.32,63.13,"All products, All products > Accessories, All products > Accessories > Rings",,,https://www.mineralistgumus.com/iri-ortasi-pembe-tasli-abiye-yuzuk-402-39-O.jpg,,,,,,,,,0
102110,simple,,Stone Rings sides of baguette,1,0,visible,,Product Details :. Material: Silver. On image Product Color: Rose. Special Note: Product Related to the Structure of the Special Section and Information Request product need to manually note. Deficit To Be In Order To Enter in touch with you in case you have created the registered phone number. Color: If you want to order the product as a white or yellow color Note Specify the department.,,,taxable,,1,,,0,0,,,,,1,,38.73,40.25,"All products, All products > Accessories, All products > Accessories > Rings",,,https://www.mineralistgumus.com/yanlari-tasli-baget-yuzuk-401-39-O.jpg,,,,,,,,,0
102111,simple,,Edges Stone Yellow Stone Engagement Rings,1,0,visible,,"Product Details :. Material: Silver. On image Product Color: White. Special Note: Product Related to the Structure of the Special Section and Information Request product need to manually note. Deficit To Be In Order To Enter in touch with you in case you have created the registered phone number. Color: Yellow Rose, or if you want to order as Color Product Note Specify the department.",,,taxable,,1,,,0,0,,,,,1,,34.61,35.68,"All products, All products > Accessories, All products > Accessories > Rings",,,https://www.mineralistgumus.com/kenarlari-tasli-sari-tasli-tektas-yuzuk-384-37-O.jpg,,,,,,,,,0
102112,simple,,Yellow Stone Engagement Rings,1,0,visible,,"Product Details :. Material: Silver. On image Product Color: White. Special Note: Product Related to the Structure of the Special Section and Information Request product need to manually note. Deficit To Be In Order To Enter in touch with you in case you have created the registered phone number. Color: Yellow Rose, or if you want to order as Color Product Note Specify the department.",,,taxable,,1,,,0,0,,,,,1,,34.61,35.68,"All products, All products > Accessories, All products > Accessories > Rings",,,https://www.mineralistgumus.com/sari-tasli-tektas-yuzuk-380-37-O.jpg,,,,,,,,,0
102113,simple,,Three Sequential Ring Cage,1,0,visible,,"Product Details :. Material: Silver. On image Product Color: White. Special Note: Product Related to the Structure of the Special Section and Information Request product need to manually note. Deficit To Be In Order To Enter in touch with you in case you have created the registered phone number. Color: Yellow Rose, or if you want to order as Color Product Note Specify the department.",,,taxable,,1,,,0,0,,,,,1,,59.32,63.13,"All products, All products > Accessories, All products > Accessories > Rings",,,https://www.mineralistgumus.com/uc-sirali-kafes-yuzuk-377-37-O.jpg,,,,,,,,,0
102114,simple,,Sterling Drops Engagement,1,0,visible,,"Product Details :. Material: Silver. On image Product Color: White. Special Note: Product Related to the Structure of the Special Section and Information Request product need to manually note. Deficit To Be In Order To Enter in touch with you in case you have created the registered phone number. Color: Yellow Rose, or if you want to order as Color Product Note Specify the department.",,,taxable,,1,,,0,0,,,,,1,,36.67,37.96,"All products, All products > Accessories, All products > Accessories > Rings",,,https://www.mineralistgumus.com/tasli-damla-tektas-323-31-O.jpg,,,,,,,,,0
102115,simple,,Bagetl sides of Fancy Ring,1,0,visible,,"Product Details :. Material: Silver. On image Product Color: White. Special Note: Product Related to the Structure of the Special Section and Information Request product need to manually note. Deficit To Be In Order To Enter in touch with you in case you have created the registered phone number. Color: Yellow Rose, or if you want to order as Color Product Note Specify the department.",,,taxable,,1,,,0,0,,,,,1,,45.59,47.88,"All products, All products > Accessories, All products > Accessories > Rings",,,https://www.mineralistgumus.com/yanlari-bagetli-fantazi-yuzuk-320-31-O.jpg,,,,,,,,,0
102116,simple,,Karen Montürl Cz Solitaire Ring,1,0,visible,,"Product Details :. Material: Silver. On image Product Color: White. Special Note: Product Related to the Structure of the Special Section and Information Request product need to manually note. Deficit To Be In Order To Enter in touch with you in case you have created the registered phone number. Color: Yellow Rose, or if you want to order as Color Product Note Specify the department.",,,taxable,,1,,,0,0,,,,,1,,38.73,40.25,"All products, All products > Accessories, All products > Accessories > Rings",,,https://www.mineralistgumus.com/kare-monturlu-tasli-tektas-yuzuk-313-31-O.jpg,,,,,,,,,0
102117,simple,,Emerald Green Stone Ring,1,0,visible,,"Product Details :. Material: Silver. On image Product Color: White. Special Note: Product Related to the Structure of the Special Section and Information Request product need to manually note. Deficit To Be In Order To Enter in touch with you in case you have created the registered phone number. Color: Yellow Rose, or if you want to order as Color Product Note Specify the department.",,,taxable,,1,,,0,0,,,,,1,,51.08,53.98,"All products, All products > Accessories, All products > Accessories > Rings",,,"https://www.mineralistgumus.com/zumrut-yesili-tasli-yuzuk-310-30-O.jpg, https://www.mineralistgumus.com/zumrut-yesili-tasli-yuzuk-309-30-O.jpg",,,,,,,,,0
102118,simple,,Karen Montürl Solitaire Ring,1,0,visible,,"Product Details :. Material: Silver. On image Product Color: White. Special Note: Product Related to the Structure of the Special Section and Information Request product need to manually note. Deficit To Be In Order To Enter in touch with you in case you have created the registered phone number. Color: Yellow Rose, or if you want to order as Color Product Note Specify the department.",,,taxable,,1,,,0,0,,,,,1,,37.35,38.73,"All products, All products > Accessories, All products > Accessories > Rings",,,https://www.mineralistgumus.com/kare-monturlu-tektas-yuzuk-308-30-O.jpg,,,,,,,,,0
102119,simple,,Triangle Round Mont Engagement,1,0,visible,,"Product Details :. Material: Silver. On image Product Color: White. Special Note: Product Related to the Structure of the Special Section and Information Request product need to manually note. Deficit To Be In Order To Enter in touch with you in case you have created the registered phone number. Color: Yellow Rose, or if you want to order as Color Product Note Specify the department.",,,taxable,,1,,,0,0,,,,,1,,38.73,40.25,"All products, All products > Accessories, All products > Accessories > Rings",,,https://www.mineralistgumus.com/ucgen-yuvarlak-montur-tektas-307-30-O.jpg,,,,,,,,,0
102120,simple,,Thin Sleeve Karen Mont Engagement,1,0,visible,,"Product Details :. Material: Silver. On image Product Color: White. Special Note: Product Related to the Structure of the Special Section and Information Request product need to manually note. Deficit To Be In Order To Enter in touch with you in case you have created the registered phone number. Color: Yellow Rose, or if you want to order as Color Product Note Specify the department.",,,taxable,,1,,,0,0,,,,,1,,37.35,38.73,"All products, All products > Accessories, All products > Accessories > Rings",,,https://www.mineralistgumus.com/ince-kollu-kare-montur-tektas-306-30-O.jpg,,,,,,,,,0
102121,simple,,Round Solitaire Monter,1,0,visible,,"Product Details :. Material: Silver. On image Product Color: White. Special Note: Product Related to the Structure of the Special Section and Information Request product need to manually note. Deficit To Be In Order To Enter in touch with you in case you have created the registered phone number. Color: Yellow Rose, or if you want to order as Color Product Note Specify the department.",,,taxable,,1,,,0,0,,,,,1,,35.98,37.2,"All products, All products > Accessories, All products > Accessories > Rings",,,https://www.mineralistgumus.com/yuvarlak-montur-tektas-302-305-30-O.jpg,,,,,,,,,0
102122,simple,,Tulips Model Swarovski Solitaire,1,0,visible,,"Product Details :. Material: Silver. On image Product Color: White. Special Note: Product Related to the Structure of the Special Section and Information Request product need to manually note. Deficit To Be In Order To Enter in touch with you in case you have created the registered phone number. Color: Yellow Rose, or if you want to order as Color Product Note Specify the department.",,,taxable,,1,,,0,0,,,,,1,,42.84,44.83,"All products, All products > Accessories, All products > Accessories > Rings",,,"https://www.mineralistgumus.com/lale-modeli-swarovski-tektas-303-30-O.jpg, https://www.mineralistgumus.com/lale-modeli-swarovski-tektas-304-30-O.jpg",,,,,,,,,0
102123,simple,,Thick Sleeve Engagement,1,0,visible,,"Product Details :. Material: Silver. On image Product Color: White. Special Note: Product Related to the Structure of the Special Section and Information Request product need to manually note. Deficit To Be In Order To Enter in touch with you in case you have created the registered phone number. Color: Yellow Rose, or if you want to order as Color Product Note Specify the department.",,,taxable,,1,,,0,0,,,,,1,,38.73,40.25,"All products, All products > Accessories, All products > Accessories > Rings",,,https://www.mineralistgumus.com/kalin-kollu-tektas-302-29-O.jpg,,,,,,,,,0
102124,simple,,Round Cut Solitaire,1,0,visible,,"Product Details :. Material: Silver. On image Product Color: White. Special Note: Product Related to the Structure of the Special Section and Information Request product need to manually note. Deficit To Be In Order To Enter in touch with you in case you have created the registered phone number. Color: Yellow Rose, or if you want to order as Color Product Note Specify the department.",,,taxable,,1,,,0,0,,,,,1,,38.73,40.25,"All products, All products > Accessories, All products > Accessories > Rings",,,https://www.mineralistgumus.com/yuvarlak-kesim-tektas-301-29-O.jpg,,,,,,,,,0
102125,simple,,Karen Stone Cut Solitaire,1,0,visible,,"Product Details :. Material: Silver. On image Product Color: White. Special Note: Product Related to the Structure of the Special Section and Information Request product need to manually note. Deficit To Be In Order To Enter in touch with you in case you have created the registered phone number. Color: Yellow Rose, or if you want to order as Color Product Note Specify the department.",,,taxable,,1,,,0,0,,,,,1,,38.73,40.25,"All products, All products > Accessories, All products > Accessories > Rings",,,https://www.mineralistgumus.com/tasli-kare-kesim-tektas-300-29-O.jpg,,,,,,,,,0
102126,simple,,Two Row Stone Montürl Solitaire,1,0,visible,,"Product Details :. Material: Silver. On image Product Color: White. Special Note: Product Related to the Structure of the Special Section and Information Request product need to manually note. Deficit To Be In Order To Enter in touch with you in case you have created the registered phone number. Color: Yellow Rose, or if you want to order as Color Product Note Specify the department.",,,taxable,,1,,,0,0,,,,,1,,40.1,41.78,"All products, All products > Accessories, All products > Accessories > Rings",,,https://www.mineralistgumus.com/iki-sira-tas-monturlu-tektas-298-29-O.jpg,,,,,,,,,0
102127,simple,,Thick Cut Solitaire Karen Montürl,1,0,visible,,"Product Details :. Material: Silver. On image Product Color: White. Special Note: Product Related to the Structure of the Special Section and Information Request product need to manually note. Deficit To Be In Order To Enter in touch with you in case you have created the registered phone number. Color: Yellow Rose, or if you want to order as Color Product Note Specify the department.",,,taxable,,1,,,0,0,,,,,1,,38.73,40.25,"All products, All products > Accessories, All products > Accessories > Rings",,,https://www.mineralistgumus.com/kalin-monturlu-kare-kesim-tektas-297-29-O.jpg,,,,,,,,,0
102128,simple,,Cross Cut Solitaire,1,0,visible,,"Product Details :. Material: Silver. On image Product Color: White. Special Note: Product Related to the Structure of the Special Section and Information Request product need to manually note. Deficit To Be In Order To Enter in touch with you in case you have created the registered phone number. Color: Yellow Rose, or if you want to order as Color Product Note Specify the department.",,,taxable,,1,,,0,0,,,,,1,,40.1,41.78,"All products, All products > Accessories, All products > Accessories > Rings",,,https://www.mineralistgumus.com/capraz-kesim-tektas-296-29-O.jpg,,,,,,,,,0
102129,simple,,Karen Montürl Solitaire,1,0,visible,,"Product Details :. Material: Silver. On image Product Color: White. Special Note: Product Related to the Structure of the Special Section and Information Request product need to manually note. Deficit To Be In Order To Enter in touch with you in case you have created the registered phone number. Color: Yellow Rose, or if you want to order as Color Product Note Specify the department.",,,taxable,,1,,,0,0,,,,,1,,36.67,37.96,"All products, All products > Accessories, All products > Accessories > Rings",,,"https://www.mineralistgumus.com/kare-monturlu-tektas-293-29-O.jpg, https://www.mineralistgumus.com/kare-monturlu-tektas-294-29-O.jpg",,,,,,,,,0
102130,simple,,V Cut Solitaire,1,0,visible,,"Product Details :. Material: Silver. On image Product Color: White. Special Note: Product Related to the Structure of the Special Section and Information Request product need to manually note. Deficit To Be In Order To Enter in touch with you in case you have created the registered phone number. Color: Yellow Rose, or if you want to order as Color Product Note Specify the department.",,,taxable,,1,,,0,0,,,,,1,,37.35,38.73,"All products, All products > Accessories, All products > Accessories > Rings",,,https://www.mineralistgumus.com/v-kesim-tektas-292-29-O.jpg,,,,,,,,,0
102131,simple,,Over Striped Stone Rings,1,0,visible,,Product Details :. Material: Silver. On image Product Color: Rose. Special Note: Product Related to the Structure of the Special Section and Information Request product need to manually note. Deficit To Be In Order To Enter in touch with you in case you have created the registered phone number. Color: If you want to order the product as a white or yellow color Note Specify the department.,,,taxable,,1,,,0,0,,,,,1,,49.71,52.45,"All products, All products > Accessories, All products > Accessories > Rings",,,https://www.mineralistgumus.com/uzeri-tasli-cizgili-yuzuk-291-28-O.jpg,,,,,,,,,0
102132,simple,,Over Plate Daisy Stone Rings,1,0,visible,,Product Details :. Material: Silver. On image Product Color: Rose. Special Note: Product Related to the Structure of the Special Section and Information Request product need to manually note. Deficit To Be In Order To Enter in touch with you in case you have created the registered phone number. Color: If you want to order the product as a white or yellow color Note Specify the department.,,,taxable,,1,,,0,0,,,,,1,,42.84,44.83,"All products, All products > Accessories, All products > Accessories > Rings",,,"https://www.mineralistgumus.com/plaka-uzeri-tasli-papatyali-yuzuk-290-28-O.jpg, https://www.mineralistgumus.com/plaka-uzeri-tasli-papatyali-yuzuk-289-28-O.jpg",,,,,,,,,0
102133,simple,,Karen Stone Oval Pear Fancy Ring,1,0,visible,,Product Details :. Material: Silver. On image Product Color: Rose. Special Note: Product Related to the Structure of the Special Section and Information Request product need to manually note. Deficit To Be In Order To Enter in touch with you in case you have created the registered phone number. Color: If you want to order the product as a white or yellow color Note Specify the department.,,,taxable,,1,,,0,0,,,,,1,,52.45,55.5,"All products, All products > Accessories, All products > Accessories > Rings",,,https://www.mineralistgumus.com/kare-oval-damla-tasli-fantazi-yuzuk-288-28-O.jpg,,,,,,,,,0
102134,simple,,Hexagon Small Black Enamel Ring Finger,1,0,visible,,Material: Silver. On image Product Color: Rose. Special Note: Product Related to the Structure of the Special Section and Information Request product need to manually note. Deficit To Be In Order To Enter in touch with you in case you have created the registered phone number. Color: Yellow or White color as you want to order your product Note Symptoms Section.,,,taxable,,1,,,0,0,,,,,1,,37.35,38.73,"All products, All products > Accessories, All products > Accessories > Rings",,,https://www.mineralistgumus.com/siyah-mineli-altigen-kucuk-parmak-yuzugu-254-25-O.jpg,,,,,,,,,0
102135,simple,,Pole Star Small White Stone Finger Ring,1,0,visible,,Material: Silver. On image Product Color: Rose. Special Note: Product Related to the Structure of the Special Section and Information Request product need to manually note. Deficit To Be In Order To Enter in touch with you in case you have created the registered phone number. Color: Yellow or White color as you want to order your product Note Symptoms Section.,,,taxable,,1,,,0,0,,,,,1,,37.35,38.73,"All products, All products > Accessories, All products > Accessories > Rings",,,https://www.mineralistgumus.com/beyaz-tasli-kutup-yildizi-kucuk-parmak-yuzugu-253-25-O.jpg,,,,,,,,,0
102136,simple,,Small Round Stone Ring Finger,1,0,visible,,Material: Silver. On image Product Color: Rose. Special Note: Product Related to the Structure of the Special Section and Information Request product need to manually note. Deficit To Be In Order To Enter in touch with you in case you have created the registered phone number. Color: Yellow or White color as you want to order your product Note Symptoms Section.,,,taxable,,1,,,0,0,,,,,1,,37.35,38.73,"All products, All products > Accessories, All products > Accessories > Rings",,,https://www.mineralistgumus.com/yuvarlak-tasli-kucuk-parmak-yuzugu-248-24-O.jpg,,,,,,,,,0
102137,simple,,Baguette Stone Fancy Ring,1,0,visible,,Material: Silver. On image Product Color: White. Special Note: Product Related to the Structure of the Special Section and Information Request product need to manually note. Deficit To Be In Order To Enter in touch with you in case you have created the registered phone number. Color: Yellow or if you want to order as Rose Color Product Note Specify the department.,,,taxable,,1,,,0,0,,,,,1,,45.59,47.88,"All products, All products > Accessories, All products > Accessories > Rings",,,https://www.mineralistgumus.com/baget-tasli-fntazi-yuzuk-196-19-O.jpg,,,,,,,,,0
